{
  "properties": {
    "connectionReferences": {
      "shared_approvals": {
        "runtimeSource": "embedded",
        "connection": {
          "connectionReferenceLogicalName": "ba_sharedapprovals_8f6ab"
        },
        "api": {
          "name": "shared_approvals"
        }
      },
      "shared_commondataserviceforapps": {
        "runtimeSource": "embedded",
        "connection": {
          "connectionReferenceLogicalName": "ba_sharedcommondataserviceforapps_fb693"
        },
        "api": {
          "name": "shared_commondataserviceforapps"
        }
      },
      "shared_sendmail": {
        "runtimeSource": "embedded",
        "connection": {
          "connectionReferenceLogicalName": "ba_sharedsendmail_4e3be"
        },
        "api": {
          "name": "shared_sendmail"
        }
      }
    },
    "definition": {
      "$schema": "https://schema.management.azure.com/providers/Microsoft.Logic/schemas/2016-06-01/workflowdefinition.json#",
      "contentVersion": "1.0.0.0",
      "parameters": {
        "$connections": {
          "defaultValue": {},
          "type": "Object"
        },
        "$authentication": {
          "defaultValue": {},
          "type": "SecureObject"
        }
      },
      "triggers": {
        "When_a_row_is_added,_modified_or_deleted": {
          "metadata": {
            "operationMetadataId": "4b81bfd6-32e2-44ba-9ea7-47580e40c7a3"
          },
          "type": "OpenApiConnectionWebhook",
          "inputs": {
            "host": {
              "connectionName": "shared_commondataserviceforapps",
              "operationId": "SubscribeWebhookTrigger",
              "apiId": "/providers/Microsoft.PowerApps/apis/shared_commondataserviceforapps"
            },
            "parameters": {
              "subscriptionRequest/message": 1,
              "subscriptionRequest/entityname": "ba_machineorder",
              "subscriptionRequest/scope": 4
            },
            "authentication": "@parameters('$authentication')"
          }
        }
      },
      "actions": {
        "Start_and_wait_for_an_approval": {
          "runAfter": {},
          "metadata": {
            "operationMetadataId": "f6b0e991-a80d-4700-a926-ee61e1cce40e"
          },
          "type": "OpenApiConnectionWebhook",
          "inputs": {
            "host": {
              "connectionName": "shared_approvals",
              "operationId": "StartAndWaitForAnApproval",
              "apiId": "/providers/Microsoft.PowerApps/apis/shared_approvals"
            },
            "parameters": {
              "approvalType": "Basic",
              "WebhookApprovalCreationInput/title": "New machine request for @{triggerOutputs()?['body/ba_machinename']}",
              "WebhookApprovalCreationInput/assignedTo": "@{triggerOutputs()?['body/ba_approver']};",
              "WebhookApprovalCreationInput/details": "A new machine has been requested \n@{triggerOutputs()?['body/ba_machinename']}, $@{triggerOutputs()?['body/ba_price']}\nDepartment contribution: $ @{triggerOutputs()?['body/ba_departmentcontribution']}\nComments: @{triggerOutputs()?['body/ba_comments']}",
              "WebhookApprovalCreationInput/enableNotifications": true,
              "WebhookApprovalCreationInput/enableReassignment": true
            },
            "authentication": "@parameters('$authentication')"
          }
        },
        "Condition": {
          "actions": {
            "Update_a_row": {
              "runAfter": {},
              "metadata": {
                "operationMetadataId": "67610702-41f0-4d82-8fb2-d6386fe7552d"
              },
              "type": "OpenApiConnection",
              "inputs": {
                "host": {
                  "connectionName": "shared_commondataserviceforapps",
                  "operationId": "UpdateOnlyRecord",
                  "apiId": "/providers/Microsoft.PowerApps/apis/shared_commondataserviceforapps"
                },
                "parameters": {
                  "entityName": "ba_machineorders",
                  "recordId": "@triggerOutputs()?['body/ba_machineorderid']",
                  "item/ba_approvalstatus": 121110000,
                  "item/ba_approveddate": "@utcNow()"
                },
                "authentication": "@parameters('$authentication')"
              }
            },
            "Send_an_email_notification_(V3)": {
              "runAfter": {
                "Update_a_row": [
                  "Succeeded"
                ]
              },
              "metadata": {
                "operationMetadataId": "4c1cb2ab-afd4-418d-b4fb-f7040e098ef3"
              },
              "type": "OpenApiConnection",
              "inputs": {
                "host": {
                  "connectionName": "shared_sendmail",
                  "operationId": "SendEmailV3",
                  "apiId": "/providers/Microsoft.PowerApps/apis/shared_sendmail"
                },
                "parameters": {
                  "request/to": "@{outputs('Update_a_row')?['body/ba_requestedby']};",
                  "request/subject": "Machine Approval Mail",
                  "request/text": "<p>Your machine order has been accepted!<br>\nMachine Name ; &nbsp;@{outputs('Update_a_row')?['body/ba_machinename']}<br>\nPrice : $@{outputs('Update_a_row')?['body/ba_price']}<br>\nEstimated ship date : @{outputs('Update_a_row')?['body/ba_estimatedshipdate']}<br>\n@{outputs('Start_and_wait_for_an_approval')?['body/responseSummary']}</p>"
                },
                "authentication": "@parameters('$authentication')"
              }
            }
          },
          "runAfter": {
            "Start_and_wait_for_an_approval": [
              "Succeeded"
            ]
          },
          "else": {
            "actions": {
              "Update_a_row_2": {
                "runAfter": {},
                "metadata": {
                  "operationMetadataId": "99c474b2-28e2-4840-a80d-93b436016957"
                },
                "type": "OpenApiConnection",
                "inputs": {
                  "host": {
                    "connectionName": "shared_commondataserviceforapps",
                    "operationId": "UpdateOnlyRecord",
                    "apiId": "/providers/Microsoft.PowerApps/apis/shared_commondataserviceforapps"
                  },
                  "parameters": {
                    "entityName": "ba_machineorders",
                    "recordId": "@triggerOutputs()?['body/ba_machineorderid']",
                    "item/ba_approvalstatus": 121110001,
                    "item/ba_approveddate": "@utcNow()"
                  },
                  "authentication": "@parameters('$authentication')"
                }
              },
              "Send_an_email_notification_(V3)_2": {
                "runAfter": {
                  "Update_a_row_2": [
                    "Succeeded"
                  ]
                },
                "metadata": {
                  "operationMetadataId": "84d39e26-e7ae-4597-86a4-3db0caeaf60a"
                },
                "type": "OpenApiConnection",
                "inputs": {
                  "host": {
                    "connectionName": "shared_sendmail",
                    "operationId": "SendEmailV3",
                    "apiId": "/providers/Microsoft.PowerApps/apis/shared_sendmail"
                  },
                  "parameters": {
                    "request/to": "@{outputs('Update_a_row_2')?['body/ba_requestedby']};",
                    "request/subject": "Machine Approval Mail",
                    "request/text": "<p>Your request has been rejected!<br>\nMachine name : @{outputs('Update_a_row_2')?['body/ba_machinename']}<br>\nPrice : $@{outputs('Update_a_row_2')?['body/ba_price']}<br>\n@{outputs('Start_and_wait_for_an_approval')?['body/responseSummary']}</p>"
                  },
                  "authentication": "@parameters('$authentication')"
                }
              }
            }
          },
          "expression": {
            "equals": [
              "@outputs('Start_and_wait_for_an_approval')?['body/outcome']",
              "Approve"
            ]
          },
          "metadata": {
            "operationMetadataId": "9e5a5147-65d4-4c5f-b5c7-8d40356b0c32"
          },
          "type": "If"
        }
      },
      "outputs": {}
    },
    "templateName": ""
  },
  "schemaVersion": "1.0.0.0"
}